,Unnamed: 0,eow,Instrument,Close_Price,Bid_Price,Ask_Price,Volume,Company_Market_Cap,CF_CURR,GICS_Sector_Name,Company_Common_Name,gvkey,mrg,X_USD
0,0,2010/1/1,A.N,22.217753,22.217753,22.232055,0,10838187807,USD,Health Care,Agilent Technologies Inc,126554,2010-01-01-USD,1
1,1,2010/1/8,A.N,22.02468,22.02468,22.046132,543000,10745876126,USD,Health Care,Agilent Technologies Inc,126554,2010-01-08-USD,1
2,2,2010/1/15,A.N,21.760097,21.760097,21.774399,1254000,10616786055,USD,Health Care,Agilent Technologies Inc,126554,2010-01-15-USD,1
3,3,2010/1/22,A.N,20.859088,20.837635,20.859088,963800,10177182032,USD,Health Care,Agilent Technologies Inc,126554,2010-01-22-USD,1
4,4,2010/1/29,A.N,20.043889,20.036738,20.043889,1328800,9779445058,USD,Health Care,Agilent Technologies Inc,126554,2010-01-29-USD,1
5,5,2010/2/5,A.N,20.859088,20.837635,20.859088,1737000,10155413599,USD,Health Care,Agilent Technologies Inc,126554,2010-02-05-USD,1
6,6,2010/2/12,A.N,21.438308,21.431157,21.45261,2096400,10437411714,USD,Health Care,Agilent Technologies Inc,126554,2010-02-12-USD,1
7,7,2010/2/19,A.N,22.310714,22.310714,22.332167,913300,10862149615,USD,Health Care,Agilent Technologies Inc,126554,2010-02-19-USD,1
8,8,2010/2/26,A.N,22.496637,22.482335,22.503788,974200,10952667529,USD,Health Care,Agilent Technologies Inc,126554,2010-02-26-USD,1
9,9,2010/3/5,A.N,23.712285,23.712285,23.733738,1279500,11544515424,USD,Health Care,Agilent Technologies Inc,126554,2010-03-05-USD,1
10,10,2010/3/12,A.N,23.898208,23.891057,23.912509,827200,11635033338,USD,Health Care,Agilent Technologies Inc,126554,2010-03-12-USD,1
11,11,2010/3/19,A.N,23.898208,23.898208,23.912509,1728500,11635033338,USD,Health Care,Agilent Technologies Inc,126554,2010-03-19-USD,1
12,12,2010/3/26,A.N,24.534635,24.534635,24.541786,800200,11944883119,USD,Health Care,Agilent Technologies Inc,126554,2010-03-26-USD,1
13,13,2010/4/2,A.N,24.706256,24.684803,24.706256,0,12028438116,USD,Health Care,Agilent Technologies Inc,126554,2010-04-02-USD,1
14,14,2010/4/9,A.N,24.477428,24.463126,24.477428,699200,11917031453,USD,Health Care,Agilent Technologies Inc,126554,2010-04-09-USD,1
15,15,2010/4/16,A.N,25.221118,25.221118,25.242571,1488700,12279103107,USD,Health Care,Agilent Technologies Inc,126554,2010-04-16-USD,1
16,16,2010/4/23,A.N,26.200788,26.179335,26.200788,715700,12756062881,USD,Health Care,Agilent Technologies Inc,126554,2010-04-23-USD,1
17,17,2010/4/30,A.N,25.929055,25.921904,25.936205,995300,12620761008,USD,Health Care,Agilent Technologies Inc,126554,2010-04-30-USD,1
18,18,2010/5/7,A.N,22.789823,22.761219,22.796974,2427900,11092764846,USD,Health Care,Agilent Technologies Inc,126554,2010-05-07-USD,1
19,19,2010/5/14,A.N,24.212846,24.212846,24.234298,981300,11785410031,USD,Health Care,Agilent Technologies Inc,126554,2010-05-14-USD,1
20,20,2010/5/21,A.N,22.410827,22.410827,22.432279,2078300,10908291505,USD,Health Care,Agilent Technologies Inc,126554,2010-05-21-USD,1
21,21,2010/5/28,A.N,23.140215,23.111612,23.140215,905000,11263315671,USD,Health Care,Agilent Technologies Inc,126554,2010-05-28-USD,1
22,22,2010/6/4,A.N,21.717192,21.710041,21.717192,1506300,10558488284,USD,Health Care,Agilent Technologies Inc,126554,2010-06-04-USD,1
23,23,2010/6/11,A.N,21.974624,21.974624,21.988925,716300,10695973132,USD,Health Care,Agilent Technologies Inc,126554,2010-06-11-USD,1
24,24,2010/6/18,A.N,23.318987,23.304685,23.318987,1291000,11350331397,USD,Health Care,Agilent Technologies Inc,126554,2010-06-18-USD,1
25,25,2010/6/25,A.N,21.94602,21.94602,21.974624,1451000,10682050616,USD,Health Care,Agilent Technologies Inc,126554,2010-06-25-USD,1
26,26,2010/7/2,A.N,19.872268,19.865117,19.872268,1129000,9672668186,USD,Health Care,Agilent Technologies Inc,126554,2010-07-02-USD,1
27,27,2010/7/9,A.N,20.487243,20.472941,20.487243,750600,9972002286,USD,Health Care,Agilent Technologies Inc,126554,2010-07-09-USD,1
28,28,2010/7/16,A.N,19.343103,19.335952,19.343103,1847400,9408140376,USD,Health Care,Agilent Technologies Inc,126554,2010-07-16-USD,1
29,29,2010/7/23,A.N,20.952049,20.952049,20.9592,925600,10198243175,USD,Health Care,Agilent Technologies Inc,126554,2010-07-23-USD,1
30,30,2010/7/30,A.N,19.97238,19.958078,19.97238,893300,9721396993,USD,Health Care,Agilent Technologies Inc,126554,2010-07-30-USD,1
31,31,2010/8/6,A.N,20.54445,20.54445,20.558751,863200,9951220184,USD,Health Care,Agilent Technologies Inc,126554,2010-08-06-USD,1
32,32,2010/8/13,A.N,19.557629,19.557629,19.579082,693300,9473229100,USD,Health Care,Agilent Technologies Inc,126554,2010-08-13-USD,1
33,33,2010/8/20,A.N,20.422885,20.422885,20.430036,931800,9892337225,USD,Health Care,Agilent Technologies Inc,126554,2010-08-20-USD,1
34,34,2010/8/27,A.N,19.993833,19.993833,20.008134,1000200,9684515014,USD,Health Care,Agilent Technologies Inc,126554,2010-08-27-USD,1
35,35,2010/9/3,A.N,21.345347,21.338196,21.345347,673800,10339154977,USD,Health Care,Agilent Technologies Inc,126554,2010-09-03-USD,1
36,36,2010/9/10,A.N,20.673165,20.673165,20.687467,469100,10013566847,USD,Health Care,Agilent Technologies Inc,126554,2010-09-10-USD,1
37,37,2010/9/17,A.N,21.853059,21.845908,21.853059,1510867,10581614223,USD,Health Care,Agilent Technologies Inc,126554,2010-09-17-USD,1
38,38,2010/9/24,A.N,22.947142,22.947142,22.968594,1000577,11115024564,USD,Health Care,Agilent Technologies Inc,126554,2010-09-24-USD,1
39,39,2010/10/1,A.N,24.119885,24.119885,24.127035,1783986,11683071939,USD,Health Care,Agilent Technologies Inc,126554,2010-10-01-USD,1
40,40,2010/10/8,A.N,24.169941,24.169941,24.184242,603759,11707317864,USD,Health Care,Agilent Technologies Inc,126554,2010-10-08-USD,1
41,41,2010/10/15,A.N,24.6562,24.6562,24.670502,856773,11942849702,USD,Health Care,Agilent Technologies Inc,126554,2010-10-15-USD,1
42,42,2010/10/22,A.N,24.849273,24.842122,24.849273,513480,12036369697,USD,Health Care,Agilent Technologies Inc,126554,2010-10-22-USD,1
43,43,2010/10/29,A.N,24.885028,24.885028,24.892178,834986,12053688215,USD,Health Care,Agilent Technologies Inc,126554,2010-10-29-USD,1
44,44,2010/11/5,A.N,26.014865,26.000563,26.014865,595066,12600953369,USD,Health Care,Agilent Technologies Inc,126554,2010-11-05-USD,1
45,45,2010/11/12,A.N,26.000563,26.000563,26.022016,1643535,12594025962,USD,Health Care,Agilent Technologies Inc,126554,2010-11-12-USD,1
46,46,2010/11/19,A.N,26.072072,26.05777,26.072072,875723,12628662997,USD,Health Care,Agilent Technologies Inc,126554,2010-11-19-USD,1
47,47,2010/11/26,A.N,25.993412,25.97196,25.986262,308108,12590562259,USD,Health Care,Agilent Technologies Inc,126554,2010-11-26-USD,1
48,48,2010/12/3,A.N,26.801461,26.801461,26.815763,831040,13028205491,USD,Health Care,Agilent Technologies Inc,126554,2010-12-03-USD,1
49,49,2010/12/10,A.N,27.559453,27.552302,27.566604,1294548,13396665945,USD,Health Care,Agilent Technologies Inc,126554,2010-12-10-USD,1
50,50,2010/12/17,A.N,28.989627,28.989627,28.996778,2062184,14122039312,USD,Health Care,Agilent Technologies Inc,126554,2010-12-17-USD,1
51,51,2010/12/24,A.N,29.368623,29.368623,29.390076,0,14306663901,USD,Health Care,Agilent Technologies Inc,126554,2010-12-24-USD,1
52,52,2010/12/31,A.N,29.626054,29.626054,29.654658,538158,14432069282,USD,Health Care,Agilent Technologies Inc,126554,2010-12-31-USD,1
53,53,2011/1/7,A.N,29.761921,29.75477,29.761921,640445,14498255455,USD,Health Care,Agilent Technologies Inc,126554,2011-01-07-USD,1
54,54,2011/1/14,A.N,30.934664,30.934664,30.948965,625291,15069546636,USD,Health Care,Agilent Technologies Inc,126554,2011-01-14-USD,1
55,55,2011/1/21,A.N,30.112314,30.112314,30.119464,910310,14668946113,USD,Health Care,Agilent Technologies Inc,126554,2011-01-21-USD,1
56,56,2011/1/28,A.N,29.304265,29.289964,29.304265,964716,14275312555,USD,Health Care,Agilent Technologies Inc,126554,2011-01-28-USD,1
57,57,2011/2/4,A.N,30.74159,30.74159,30.755892,1341632,14836801658,USD,Health Care,Agilent Technologies Inc,126554,2011-02-04-USD,1
58,58,2011/2/11,A.N,32.193217,32.186066,32.207518,940250,15537399643,USD,Health Care,Agilent Technologies Inc,126554,2011-02-11-USD,1
59,59,2011/2/18,A.N,31.406621,31.39947,31.413772,1108051,15157765267,USD,Health Care,Agilent Technologies Inc,126554,2011-02-18-USD,1
60,60,2011/2/25,A.N,30.291085,30.276784,30.283934,904635,14619374698,USD,Health Care,Agilent Technologies Inc,126554,2011-02-25-USD,1
61,61,2011/3/4,A.N,33.430317,33.423166,33.430317,2577024,16134460980,USD,Health Care,Agilent Technologies Inc,126554,2011-03-04-USD,1
62,62,2011/3/11,A.N,32.422045,32.414894,32.422045,765998,15647838734,USD,Health Care,Agilent Technologies Inc,126554,2011-03-11-USD,1
63,63,2011/3/18,A.N,30.705836,30.691534,30.698685,1298578,14819545550,USD,Health Care,Agilent Technologies Inc,126554,2011-03-18-USD,1
64,64,2011/3/25,A.N,31.492431,31.492431,31.506733,476935,15199179926,USD,Health Care,Agilent Technologies Inc,126554,2011-03-25-USD,1
65,65,2011/4/1,A.N,32.279027,32.264725,32.271876,594535,15578814302,USD,Health Care,Agilent Technologies Inc,126554,2011-04-01-USD,1
66,66,2011/4/8,A.N,32.100255,32.093105,32.100255,488350,15492533762,USD,Health Care,Agilent Technologies Inc,126554,2011-04-08-USD,1
67,67,2011/4/15,A.N,33.966633,33.94518,33.952331,1184325,16393302600,USD,Health Care,Agilent Technologies Inc,126554,2011-04-15-USD,1
68,68,2011/4/22,A.N,35.282393,35.282393,35.289543,0,17028327374,USD,Health Care,Agilent Technologies Inc,126554,2011-04-22-USD,1
69,69,2011/4/29,A.N,35.689992,35.66854,35.67569,691518,17225047006,USD,Health Care,Agilent Technologies Inc,126554,2011-04-29-USD,1
70,70,2011/5/6,A.N,35.561277,35.539824,35.554126,645343,17308284961,USD,Health Care,Agilent Technologies Inc,126554,2011-05-06-USD,1
71,71,2011/5/13,A.N,37.599274,37.599274,37.613576,2354237,18300213619,USD,Health Care,Agilent Technologies Inc,126554,2011-05-13-USD,1
72,72,2011/5/20,A.N,36.254911,36.276364,36.283514,1195960,17645888750,USD,Health Care,Agilent Technologies Inc,126554,2011-05-20-USD,1
73,73,2011/5/27,A.N,35.468315,35.482617,35.496919,467051,17263039093,USD,Health Care,Agilent Technologies Inc,126554,2011-05-27-USD,1
74,74,2011/6/3,A.N,33.916576,33.902275,33.909426,734942,16507781132,USD,Health Care,Agilent Technologies Inc,126554,2011-06-03-USD,1
75,75,2011/6/10,A.N,34.460043,34.460043,34.474344,1125976,16772295441,USD,Health Care,Agilent Technologies Inc,126554,2011-06-10-USD,1
76,76,2011/6/17,A.N,33.916576,33.923727,33.930878,1441307,16507781132,USD,Health Care,Agilent Technologies Inc,126554,2011-06-17-USD,1
77,77,2011/6/24,A.N,34.674569,34.68887,34.696021,747346,16876708984,USD,Health Care,Agilent Technologies Inc,126554,2011-06-24-USD,1
78,78,2011/7/1,A.N,37.184524,37.170222,37.177373,604893,18098347436,USD,Health Care,Agilent Technologies Inc,126554,2011-07-01-USD,1
79,79,2011/7/8,A.N,35.91882,35.925971,35.933122,1836517,17482307533,USD,Health Care,Agilent Technologies Inc,126554,2011-07-08-USD,1
80,80,2011/7/8,A.N,35.91882,35.925971,35.933122,1836517,17482307533,USD,Health Care,Agilent Technologies Inc,126554,2011-07-08-USD,1
81,81,2011/7/15,A.N,33.666296,33.673447,33.680598,921047,16385965332,USD,Health Care,Agilent Technologies Inc,126554,2011-07-15-USD,1
82,82,2011/7/15,A.N,33.666296,33.673447,33.680598,921047,16385965332,USD,Health Care,Agilent Technologies Inc,126554,2011-07-15-USD,1
83,83,2011/7/22,A.N,33.530429,33.523279,33.530429,449315,16319836755,USD,Health Care,Agilent Technologies Inc,126554,2011-07-22-USD,1
84,84,2011/7/22,A.N,33.530429,33.523279,33.530429,449315,16319836755,USD,Health Care,Agilent Technologies Inc,126554,2011-07-22-USD,1
85,85,2011/7/29,A.N,30.148068,30.155219,30.16237,1011902,14673583229,USD,Health Care,Agilent Technologies Inc,126554,2011-07-29-USD,1
86,86,2011/7/29,A.N,30.148068,30.155219,30.16237,1011902,14673583229,USD,Health Care,Agilent Technologies Inc,126554,2011-07-29-USD,1
87,87,2011/8/5,A.N,26.165033,26.143581,26.150732,2476512,12704572554,USD,Health Care,Agilent Technologies Inc,126554,2011-08-05-USD,1
88,88,2011/8/5,A.N,26.165033,26.143581,26.150732,2476512,12704572554,USD,Health Care,Agilent Technologies Inc,126554,2011-08-05-USD,1
89,89,2011/8/12,A.N,25.8933,25.864697,25.878999,2093103,12572631107,USD,Health Care,Agilent Technologies Inc,126554,2011-08-12-USD,1
90,90,2011/8/12,A.N,25.8933,25.864697,25.878999,2093103,12572631107,USD,Health Care,Agilent Technologies Inc,126554,2011-08-12-USD,1
91,91,2011/8/19,A.N,22.224904,22.210602,22.217753,1713731,10791421563,USD,Health Care,Agilent Technologies Inc,126554,2011-08-19-USD,1
92,92,2011/8/19,A.N,22.224904,22.210602,22.217753,1713731,10791421563,USD,Health Care,Agilent Technologies Inc,126554,2011-08-19-USD,1
93,93,2011/8/26,A.N,24.935084,24.913631,24.927933,1666961,12107363896,USD,Health Care,Agilent Technologies Inc,126554,2011-08-26-USD,1
94,94,2011/8/26,A.N,24.935084,24.913631,24.927933,1666961,12107363896,USD,Health Care,Agilent Technologies Inc,126554,2011-08-26-USD,1
95,95,2011/9/2,A.N,24.598993,24.606144,24.613295,1422844,11944173158,USD,Health Care,Agilent Technologies Inc,126554,2011-09-02-USD,1
96,96,2011/9/2,A.N,24.598993,24.606144,24.613295,1422844,11944173158,USD,Health Care,Agilent Technologies Inc,126554,2011-09-02-USD,1
97,97,2011/9/9,A.N,23.855302,23.862453,23.869604,1098624,11583070249,USD,Health Care,Agilent Technologies Inc,126554,2011-09-09-USD,1
98,98,2011/9/9,A.N,23.855302,23.862453,23.869604,1098624,11583070249,USD,Health Care,Agilent Technologies Inc,126554,2011-09-09-USD,1
99,99,2011/9/16,A.N,26.000563,25.97196,25.986262,1718241,12624713257,USD,Health Care,Agilent Technologies Inc,126554,2011-09-16-USD,1
100,100,2011/9/16,A.N,26.000563,25.97196,25.986262,1718241,12624713257,USD,Health Care,Agilent Technologies Inc,126554,2011-09-16-USD,1
101,101,2011/9/23,A.N,22.653956,22.653956,22.668258,988793,10999750164,USD,Health Care,Agilent Technologies Inc,126554,2011-09-23-USD,1
102,102,2011/9/23,A.N,22.653956,22.653956,22.668258,988793,10999750164,USD,Health Care,Agilent Technologies Inc,126554,2011-09-23-USD,1
103,103,2011/9/30,A.N,22.346469,22.346469,22.36077,1098762,10850448000,USD,Health Care,Agilent Technologies Inc,126554,2011-09-30-USD,1
104,104,2011/9/30,A.N,22.346469,22.346469,22.36077,1098762,10850448000,USD,Health Care,Agilent Technologies Inc,126554,2011-09-30-USD,1
105,105,2011/10/7,A.N,22.432279,22.43943,22.446581,1676755,10892113720,USD,Health Care,Agilent Technologies Inc,126554,2011-10-07-USD,1
106,106,2011/10/7,A.N,22.432279,22.43943,22.446581,1676755,10892113720,USD,Health Care,Agilent Technologies Inc,126554,2011-10-07-USD,1
107,107,2011/10/14,A.N,23.841001,23.841001,23.855302,982355,11576125962,USD,Health Care,Agilent Technologies Inc,126554,2011-10-14-USD,1
108,108,2011/10/14,A.N,23.841001,23.841001,23.855302,982355,11576125962,USD,Health Care,Agilent Technologies Inc,126554,2011-10-14-USD,1
109,109,2011/10/21,A.N,25.221118,25.213968,25.221118,1166959,12246249631,USD,Health Care,Agilent Technologies Inc,126554,2011-10-21-USD,1
110,110,2011/10/21,A.N,25.221118,25.213968,25.221118,1166959,12246249631,USD,Health Care,Agilent Technologies Inc,126554,2011-10-21-USD,1
111,111,2011/10/28,A.N,29.239907,29.247058,29.26136,1322301,14197594199,USD,Health Care,Agilent Technologies Inc,126554,2011-10-28-USD,1
112,112,2011/10/28,A.N,29.239907,29.247058,29.26136,1322301,14197594199,USD,Health Care,Agilent Technologies Inc,126554,2011-10-28-USD,1
113,113,2011/11/4,A.N,26.393861,26.401012,26.408163,646453,12815681142,USD,Health Care,Agilent Technologies Inc,126554,2011-11-04-USD,1
114,114,2011/11/4,A.N,26.393861,26.401012,26.408163,646453,12815681142,USD,Health Care,Agilent Technologies Inc,126554,2011-11-04-USD,1
115,115,2011/11/11,A.N,26.787159,26.765706,26.772857,985804,13006649027,USD,Health Care,Agilent Technologies Inc,126554,2011-11-11-USD,1
116,116,2011/11/11,A.N,26.787159,26.765706,26.772857,985804,13006649027,USD,Health Care,Agilent Technologies Inc,126554,2011-11-11-USD,1
117,117,2011/11/18,A.N,26.322352,26.315202,26.322352,1017956,12780959708,USD,Health Care,Agilent Technologies Inc,126554,2011-11-18-USD,1
118,118,2011/11/18,A.N,26.322352,26.315202,26.322352,1017956,12780959708,USD,Health Care,Agilent Technologies Inc,126554,2011-11-18-USD,1
119,119,2011/11/25,A.N,24.191393,24.191393,24.205695,568336,11746260987,USD,Health Care,Agilent Technologies Inc,126554,2011-11-25-USD,1
120,120,2011/11/25,A.N,24.191393,24.191393,24.205695,568336,11746260987,USD,Health Care,Agilent Technologies Inc,126554,2011-11-25-USD,1
121,121,2011/12/2,A.N,26.286598,26.286598,26.3009,723490,12797081359,USD,Health Care,Agilent Technologies Inc,126554,2011-12-02-USD,1
122,122,2011/12/2,A.N,26.286598,26.286598,26.3009,723490,12797081359,USD,Health Care,Agilent Technologies Inc,126554,2011-12-02-USD,1
123,123,2011/12/9,A.N,25.264024,25.256873,25.264024,511054,12299262362,USD,Health Care,Agilent Technologies Inc,126554,2011-12-09-USD,1
124,124,2011/12/9,A.N,25.264024,25.256873,25.264024,511054,12299262362,USD,Health Care,Agilent Technologies Inc,126554,2011-12-09-USD,1
125,125,2011/12/16,A.N,23.926811,23.933962,23.941113,1127570,11648268289,USD,Health Care,Agilent Technologies Inc,126554,2011-12-16-USD,1
126,126,2011/12/16,A.N,23.926811,23.933962,23.941113,1127570,11648268289,USD,Health Care,Agilent Technologies Inc,126554,2011-12-16-USD,1
127,127,2011/12/23,A.N,25.285476,25.264024,25.278325,284757,12309706117,USD,Health Care,Agilent Technologies Inc,126554,2011-12-23-USD,1
128,128,2011/12/23,A.N,25.285476,25.264024,25.278325,284757,12309706117,USD,Health Care,Agilent Technologies Inc,126554,2011-12-23-USD,1
129,129,2011/12/30,A.N,24.977989,24.963687,24.970838,416165,12160012293,USD,Health Care,Agilent Technologies Inc,126554,2011-12-30-USD,1
130,130,2011/12/30,A.N,24.977989,24.963687,24.970838,416165,12160012293,USD,Health Care,Agilent Technologies Inc,126554,2011-12-30-USD,1
131,131,2012/1/6,A.N,26.744254,26.758556,26.765706,662069,13019881470,USD,Health Care,Agilent Technologies Inc,126554,2012-01-06-USD,1
132,132,2012/1/6,A.N,26.744254,26.758556,26.765706,662069,13019881470,USD,Health Care,Agilent Technologies Inc,126554,2012-01-06-USD,1
133,133,2012/1/13,A.N,27.931298,27.952751,27.959902,644819,13597769257,USD,Health Care,Agilent Technologies Inc,126554,2012-01-13-USD,1
134,134,2012/1/13,A.N,27.931298,27.952751,27.959902,644819,13597769257,USD,Health Care,Agilent Technologies Inc,126554,2012-01-13-USD,1
135,135,2012/1/20,A.N,29.318567,29.311416,29.318567,1051622,14273132093,USD,Health Care,Agilent Technologies Inc,126554,2012-01-20-USD,1
136,136,2012/1/20,A.N,29.318567,29.311416,29.318567,1051622,14273132093,USD,Health Care,Agilent Technologies Inc,126554,2012-01-20-USD,1
137,137,2012/1/27,A.N,30.519913,30.527064,30.541366,656946,14832826109,USD,Health Care,Agilent Technologies Inc,126554,2012-01-27-USD,1
138,138,2012/1/27,A.N,30.519913,30.527064,30.541366,656946,14832826109,USD,Health Care,Agilent Technologies Inc,126554,2012-01-27-USD,1
139,139,2012/2/3,A.N,32.379139,32.379139,32.38629,625068,15740470822,USD,Health Care,Agilent Technologies Inc,126554,2012-02-03-USD,1
140,140,2012/2/3,A.N,32.379139,32.379139,32.38629,625068,15740470822,USD,Health Care,Agilent Technologies Inc,126554,2012-02-03-USD,1
141,141,2012/2/10,A.N,31.56394,31.542488,31.556789,529852,15344178049,USD,Health Care,Agilent Technologies Inc,126554,2012-02-10-USD,1
142,142,2012/2/10,A.N,31.56394,31.542488,31.556789,529852,15344178049,USD,Health Care,Agilent Technologies Inc,126554,2012-02-10-USD,1
143,143,2012/2/17,A.N,30.848853,30.841702,30.856004,1008933,14996552810,USD,Health Care,Agilent Technologies Inc,126554,2012-02-17-USD,1
144,144,2012/2/17,A.N,30.848853,30.841702,30.856004,1008933,14996552810,USD,Health Care,Agilent Technologies Inc,126554,2012-02-17-USD,1
145,145,2012/2/24,A.N,30.763043,30.770194,30.777344,535916,14954837782,USD,Health Care,Agilent Technologies Inc,126554,2012-02-24-USD,1
146,146,2012/2/24,A.N,30.763043,30.770194,30.777344,535916,14954837782,USD,Health Care,Agilent Technologies Inc,126554,2012-02-24-USD,1
147,147,2012/3/2,A.N,31.263604,31.263604,31.277905,501550,15198175449,USD,Health Care,Agilent Technologies Inc,126554,2012-03-02-USD,1
148,148,2012/3/2,A.N,31.263604,31.263604,31.277905,501550,15198175449,USD,Health Care,Agilent Technologies Inc,126554,2012-03-02-USD,1
149,149,2012/3/9,A.N,31.857126,31.842824,31.849975,765030,15486704397,USD,Health Care,Agilent Technologies Inc,126554,2012-03-09-USD,1
150,150,2012/3/9,A.N,31.857126,31.842824,31.849975,765030,15486704397,USD,Health Care,Agilent Technologies Inc,126554,2012-03-09-USD,1
151,151,2012/3/16,A.N,32.622269,32.615118,32.622269,993481,15858663403,USD,Health Care,Agilent Technologies Inc,126554,2012-03-16-USD,1
152,152,2012/3/16,A.N,32.622269,32.615118,32.622269,993481,15858663403,USD,Health Care,Agilent Technologies Inc,126554,2012-03-16-USD,1
153,153,2012/3/23,A.N,31.678354,31.535337,31.549638,1163763,15399798088,USD,Health Care,Agilent Technologies Inc,126554,2012-03-23-USD,1
154,154,2012/3/23,A.N,31.678354,31.535337,31.549638,1163763,15399798088,USD,Health Care,Agilent Technologies Inc,126554,2012-03-23-USD,1
155,155,2012/3/30,A.N,31.828522,31.828522,31.842824,695780,15472799388,USD,Health Care,Agilent Technologies Inc,126554,2012-03-30-USD,1
156,156,2012/3/30,A.N,31.828522,31.828522,31.842824,695780,15472799388,USD,Health Care,Agilent Technologies Inc,126554,2012-03-30-USD,1
157,157,2012/4/6,A.N,32.014445,32.007294,32.014445,0,15563181950,USD,Health Care,Agilent Technologies Inc,126554,2012-04-06-USD,1
158,158,2012/4/6,A.N,32.014445,32.007294,32.014445,0,15563181950,USD,Health Care,Agilent Technologies Inc,126554,2012-04-06-USD,1
159,159,2012/4/13,A.N,30.205275,30.198124,30.205275,576228,14683690095,USD,Health Care,Agilent Technologies Inc,126554,2012-04-13-USD,1
160,160,2012/4/13,A.N,30.205275,30.198124,30.205275,576228,14683690095,USD,Health Care,Agilent Technologies Inc,126554,2012-04-13-USD,1
161,161,2012/4/20,A.N,30.105163,30.112314,30.119464,682017,14635022562,USD,Health Care,Agilent Technologies Inc,126554,2012-04-20-USD,1
162,162,2012/4/20,A.N,30.105163,30.112314,30.119464,682017,14635022562,USD,Health Care,Agilent Technologies Inc,126554,2012-04-20-USD,1
163,163,2012/4/27,A.N,30.434103,30.441254,30.448404,600474,14794930172,USD,Health Care,Agilent Technologies Inc,126554,2012-04-27-USD,1
164,164,2012/4/27,A.N,30.434103,30.441254,30.448404,600474,14794930172,USD,Health Care,Agilent Technologies Inc,126554,2012-04-27-USD,1
165,165,2012/5/4,A.N,29.325718,29.311416,29.318567,547082,14251010474,USD,Health Care,Agilent Technologies Inc,126554,2012-05-04-USD,1
166,166,2012/5/4,A.N,29.325718,29.311416,29.318567,547082,14251010474,USD,Health Care,Agilent Technologies Inc,126554,2012-05-04-USD,1
167,167,2012/5/11,A.N,28.210182,28.203031,28.210182,680680,13708909124,USD,Health Care,Agilent Technologies Inc,126554,2012-05-11-USD,1
168,168,2012/5/11,A.N,28.210182,28.203031,28.210182,680680,13708909124,USD,Health Care,Agilent Technologies Inc,126554,2012-05-11-USD,1
169,169,2012/5/18,A.N,27.69532,27.688169,27.70247,1191234,13458708501,USD,Health Care,Agilent Technologies Inc,126554,2012-05-18-USD,1
170,170,2012/5/18,A.N,27.69532,27.688169,27.70247,1191234,13458708501,USD,Health Care,Agilent Technologies Inc,126554,2012-05-18-USD,1
171,171,2012/5/25,A.N,29.325718,29.311416,29.318567,378582,14251010474,USD,Health Care,Agilent Technologies Inc,126554,2012-05-25-USD,1
172,172,2012/5/25,A.N,29.325718,29.311416,29.318567,378582,14251010474,USD,Health Care,Agilent Technologies Inc,126554,2012-05-25-USD,1
173,173,2012/6/1,A.N,27.330625,27.316323,27.330625,1119997,13281483060,USD,Health Care,Agilent Technologies Inc,126554,2012-06-01-USD,1
174,174,2012/6/1,A.N,27.330625,27.316323,27.330625,1119997,13281483060,USD,Health Care,Agilent Technologies Inc,126554,2012-06-01-USD,1
175,175,2012/6/8,A.N,28.317445,28.303143,28.317445,567765,13761034254,USD,Health Care,Agilent Technologies Inc,126554,2012-06-08-USD,1
176,176,2012/6/8,A.N,28.317445,28.303143,28.317445,567765,13761034254,USD,Health Care,Agilent Technologies Inc,126554,2012-06-08-USD,1
177,177,2012/6/15,A.N,28.610631,28.60348,28.617782,1128221,13903509609,USD,Health Care,Agilent Technologies Inc,126554,2012-06-15-USD,1
178,178,2012/6/15,A.N,28.610631,28.60348,28.617782,1128221,13903509609,USD,Health Care,Agilent Technologies Inc,126554,2012-06-15-USD,1
179,179,2012/6/22,A.N,27.909846,27.909846,27.916996,800799,13562958761,USD,Health Care,Agilent Technologies Inc,126554,2012-06-22-USD,1
180,180,2012/6/22,A.N,27.909846,27.909846,27.916996,800799,13562958761,USD,Health Care,Agilent Technologies Inc,126554,2012-06-22-USD,1
181,181,2012/6/29,A.N,28.060014,28.045712,28.052863,806597,13635933943,USD,Health Care,Agilent Technologies Inc,126554,2012-06-29-USD,1
182,182,2012/6/29,A.N,28.060014,28.045712,28.052863,806597,13635933943,USD,Health Care,Agilent Technologies Inc,126554,2012-06-29-USD,1
183,183,2012/7/6,A.N,27.151853,27.144703,27.151853,728492,13194607844,USD,Health Care,Agilent Technologies Inc,126554,2012-07-06-USD,1
184,184,2012/7/6,A.N,27.151853,27.144703,27.151853,728492,13194607844,USD,Health Care,Agilent Technologies Inc,126554,2012-07-06-USD,1
185,185,2012/7/13,A.N,26.486822,26.479672,26.486822,689296,12871432040,USD,Health Care,Agilent Technologies Inc,126554,2012-07-13-USD,1
186,186,2012/7/13,A.N,26.486822,26.479672,26.486822,689296,12871432040,USD,Health Care,Agilent Technologies Inc,126554,2012-07-13-USD,1
187,187,2012/7/20,A.N,26.858668,26.844366,26.858668,564491,13052132489,USD,Health Care,Agilent Technologies Inc,126554,2012-07-20-USD,1
188,188,2012/7/20,A.N,26.858668,26.844366,26.858668,564491,13052132489,USD,Health Care,Agilent Technologies Inc,126554,2012-07-20-USD,1
189,189,2012/7/27,A.N,27.130401,27.130401,27.144703,604557,13184182818,USD,Health Care,Agilent Technologies Inc,126554,2012-07-27-USD,1
190,190,2012/7/27,A.N,27.130401,27.130401,27.144703,604557,13184182818,USD,Health Care,Agilent Technologies Inc,126554,2012-07-27-USD,1
191,191,2012/8/3,A.N,27.967053,27.967053,27.974203,470483,13627611205,USD,Health Care,Agilent Technologies Inc,126554,2012-08-03-USD,1
192,192,2012/8/3,A.N,27.967053,27.967053,27.974203,470483,13627611205,USD,Health Care,Agilent Technologies Inc,126554,2012-08-03-USD,1
193,193,2012/8/10,A.N,28.982476,28.953873,28.968174,431460,14122400464,USD,Health Care,Agilent Technologies Inc,126554,2012-08-10-USD,1
194,194,2012/8/10,A.N,28.982476,28.953873,28.968174,431460,14122400464,USD,Health Care,Agilent Technologies Inc,126554,2012-08-10-USD,1
195,195,2012/8/17,A.N,26.615538,26.601236,26.615538,1217307,12969053671,USD,Health Care,Agilent Technologies Inc,126554,2012-08-17-USD,1
196,196,2012/8/17,A.N,26.615538,26.601236,26.615538,1217307,12969053671,USD,Health Care,Agilent Technologies Inc,126554,2012-08-17-USD,1
197,197,2012/8/24,A.N,27.066043,27.066043,27.073194,531455,13188572849,USD,Health Care,Agilent Technologies Inc,126554,2012-08-24-USD,1
198,198,2012/8/24,A.N,27.066043,27.066043,27.073194,531455,13188572849,USD,Health Care,Agilent Technologies Inc,126554,2012-08-24-USD,1
199,199,2012/8/31,A.N,26.572633,26.565482,26.572633,691226,12948147082,USD,Health Care,Agilent Technologies Inc,126554,2012-08-31-USD,1
200,200,2012/8/31,A.N,26.572633,26.565482,26.572633,691226,12948147082,USD,Health Care,Agilent Technologies Inc,126554,2012-08-31-USD,1
201,201,2012/9/7,A.N,27.473643,27.473643,27.480793,703246,13387185439,USD,Health Care,Agilent Technologies Inc,126554,2012-09-07-USD,1
202,202,2012/9/7,A.N,27.473643,27.473643,27.480793,703246,13387185439,USD,Health Care,Agilent Technologies Inc,126554,2012-09-07-USD,1
203,203,2012/9/14,A.N,28.410407,28.424708,28.431859,1236639,13843645952,USD,Health Care,Agilent Technologies Inc,126554,2012-09-14-USD,1
204,204,2012/9/14,A.N,28.410407,28.424708,28.431859,1236639,13843645952,USD,Health Care,Agilent Technologies Inc,126554,2012-09-14-USD,1
205,205,2012/9/21,A.N,27.888393,27.888393,27.902695,1161166,13589282460,USD,Health Care,Agilent Technologies Inc,126554,2012-09-21-USD,1
206,206,2012/9/21,A.N,27.888393,27.888393,27.902695,1161166,13589282460,USD,Health Care,Agilent Technologies Inc,126554,2012-09-21-USD,1
207,207,2012/9/28,A.N,27.495095,27.487944,27.495095,1384436,13397638733,USD,Health Care,Agilent Technologies Inc,126554,2012-09-28-USD,1
208,208,2012/9/28,A.N,27.495095,27.487944,27.495095,1384436,13397638733,USD,Health Care,Agilent Technologies Inc,126554,2012-09-28-USD,1
209,209,2012/10/5,A.N,27.788281,27.773979,27.78113,573259,13540500420,USD,Health Care,Agilent Technologies Inc,126554,2012-10-05-USD,1
210,210,2012/10/5,A.N,27.788281,27.773979,27.78113,573259,13540500420,USD,Health Care,Agilent Technologies Inc,126554,2012-10-05-USD,1
211,211,2012/10/12,A.N,26.615538,26.601236,26.608387,591591,12969053671,USD,Health Care,Agilent Technologies Inc,126554,2012-10-12-USD,1
212,212,2012/10/12,A.N,26.615538,26.601236,26.608387,591591,12969053671,USD,Health Care,Agilent Technologies Inc,126554,2012-10-12-USD,1
213,213,2012/10/19,A.N,25.56436,25.56436,25.571511,993744,12456842255,USD,Health Care,Agilent Technologies Inc,126554,2012-10-19-USD,1
214,214,2012/10/19,A.N,25.56436,25.56436,25.571511,993744,12456842255,USD,Health Care,Agilent Technologies Inc,126554,2012-10-19-USD,1
215,215,2012/10/26,A.N,25.700227,25.693076,25.700227,738979,12523046452,USD,Health Care,Agilent Technologies Inc,126554,2012-10-26-USD,1
216,216,2012/10/26,A.N,25.700227,25.693076,25.700227,738979,12523046452,USD,Health Care,Agilent Technologies Inc,126554,2012-10-26-USD,1
217,217,2012/11/2,A.N,26.458219,26.458219,26.46537,832603,12892396180,USD,Health Care,Agilent Technologies Inc,126554,2012-11-02-USD,1
218,218,2012/11/2,A.N,26.458219,26.458219,26.46537,832603,12892396180,USD,Health Care,Agilent Technologies Inc,126554,2012-11-02-USD,1
219,219,2012/11/9,A.N,26.393861,26.38671,26.401012,808986,12861036297,USD,Health Care,Agilent Technologies Inc,126554,2012-11-09-USD,1
220,220,2012/11/9,A.N,26.393861,26.38671,26.401012,808986,12861036297,USD,Health Care,Agilent Technologies Inc,126554,2012-11-09-USD,1
221,221,2012/11/16,A.N,25.607265,25.614416,25.621567,1654539,12477748843,USD,Health Care,Agilent Technologies Inc,126554,2012-11-16-USD,1
222,222,2012/11/16,A.N,25.607265,25.614416,25.621567,1654539,12477748843,USD,Health Care,Agilent Technologies Inc,126554,2012-11-16-USD,1
223,223,2012/11/23,A.N,26.372409,26.372409,26.38671,411886,12850583003,USD,Health Care,Agilent Technologies Inc,126554,2012-11-23-USD,1
224,224,2012/11/23,A.N,26.372409,26.372409,26.38671,411886,12850583003,USD,Health Care,Agilent Technologies Inc,126554,2012-11-23-USD,1
225,225,2012/11/30,A.N,27.380681,27.380681,27.387832,687821,13341887831,USD,Health Care,Agilent Technologies Inc,126554,2012-11-30-USD,1
226,226,2012/11/30,A.N,27.380681,27.380681,27.387832,687821,13341887831,USD,Health Care,Agilent Technologies Inc,126554,2012-11-30-USD,1
227,227,2012/12/7,A.N,27.037439,27.030289,27.037439,1164446,13155405109,USD,Health Care,Agilent Technologies Inc,126554,2012-12-07-USD,1
228,228,2012/12/7,A.N,27.037439,27.030289,27.037439,1164446,13155405109,USD,Health Care,Agilent Technologies Inc,126554,2012-12-07-USD,1
229,229,2012/12/14,A.N,28.496217,28.503368,28.510519,610554,13865191578,USD,Health Care,Agilent Technologies Inc,126554,2012-12-14-USD,1
230,230,2012/12/14,A.N,28.496217,28.503368,28.510519,610554,13865191578,USD,Health Care,Agilent Technologies Inc,126554,2012-12-14-USD,1
231,231,2012/12/21,A.N,29.354321,29.332869,29.34002,1718454,14282713031,USD,Health Care,Agilent Technologies Inc,126554,2012-12-21-USD,1
232,232,2012/12/21,A.N,29.354321,29.332869,29.34002,1718454,14282713031,USD,Health Care,Agilent Technologies Inc,126554,2012-12-21-USD,1
233,233,2012/12/28,A.N,28.481915,28.474764,28.481915,776266,13858232888,USD,Health Care,Agilent Technologies Inc,126554,2012-12-28-USD,1
234,234,2012/12/28,A.N,28.481915,28.474764,28.481915,776266,13858232888,USD,Health Care,Agilent Technologies Inc,126554,2012-12-28-USD,1
235,235,2013/1/4,A.N,30.648629,30.641478,30.648629,942938,14912474556,USD,Health Care,Agilent Technologies Inc,126554,2013-01-04-USD,1
236,236,2013/1/4,A.N,30.648629,30.641478,30.648629,942938,14912474556,USD,Health Care,Agilent Technologies Inc,126554,2013-01-04-USD,1
237,237,2013/1/11,A.N,31.056228,31.056228,31.07053,468151,15110797246,USD,Health Care,Agilent Technologies Inc,126554,2013-01-11-USD,1
238,238,2013/1/11,A.N,31.056228,31.056228,31.07053,468151,15110797246,USD,Health Care,Agilent Technologies Inc,126554,2013-01-11-USD,1
239,239,2013/1/18,A.N,31.571091,31.556789,31.571091,724861,15361310118,USD,Health Care,Agilent Technologies Inc,126554,2013-01-18-USD,1
240,240,2013/1/18,A.N,31.571091,31.556789,31.571091,724861,15361310118,USD,Health Care,Agilent Technologies Inc,126554,2013-01-18-USD,1
241,241,2013/1/25,A.N,32.38629,32.38629,32.393441,600225,15714176191,USD,Health Care,Agilent Technologies Inc,126554,2013-01-25-USD,1
242,242,2013/1/25,A.N,32.38629,32.38629,32.393441,600225,15714176191,USD,Health Care,Agilent Technologies Inc,126554,2013-01-25-USD,1
243,243,2013/2/1,A.N,32.38629,32.379139,32.38629,457570,15722843836,USD,Health Care,Agilent Technologies Inc,126554,2013-02-01-USD,1
244,244,2013/2/1,A.N,32.38629,32.379139,32.38629,457570,15722843836,USD,Health Care,Agilent Technologies Inc,126554,2013-02-01-USD,1
245,245,2013/2/8,A.N,32.236122,32.228971,32.236122,394010,15649940387,USD,Health Care,Agilent Technologies Inc,126554,2013-02-08-USD,1
246,246,2013/2/8,A.N,32.236122,32.228971,32.236122,394010,15649940387,USD,Health Care,Agilent Technologies Inc,126554,2013-02-08-USD,1
247,247,2013/2/15,A.N,30.212426,30.212426,30.226727,2700292,14667479622,USD,Health Care,Agilent Technologies Inc,126554,2013-02-15-USD,1
248,248,2013/2/15,A.N,30.212426,30.212426,30.226727,2700292,14667479622,USD,Health Care,Agilent Technologies Inc,126554,2013-02-15-USD,1
249,249,2013/2/22,A.N,29.890637,29.883486,29.890637,622521,14511257946,USD,Health Care,Agilent Technologies Inc,126554,2013-02-22-USD,1
250,250,2013/2/22,A.N,29.890637,29.883486,29.890637,622521,14511257946,USD,Health Care,Agilent Technologies Inc,126554,2013-02-22-USD,1
251,251,2013/3/1,A.N,29.983598,29.983598,29.990749,617232,14556388652,USD,Health Care,Agilent Technologies Inc,126554,2013-03-01-USD,1
252,252,2013/3/1,A.N,29.983598,29.983598,29.990749,617232,14556388652,USD,Health Care,Agilent Technologies Inc,126554,2013-03-01-USD,1
253,253,2013/3/8,A.N,30.770194,30.763043,30.770194,524054,14938263861,USD,Health Care,Agilent Technologies Inc,126554,2013-03-08-USD,1
254,254,2013/3/8,A.N,30.770194,30.763043,30.770194,524054,14938263861,USD,Health Care,Agilent Technologies Inc,126554,2013-03-08-USD,1
255,255,2013/3/15,A.N,30.755892,30.748741,30.755892,903685,14931320676,USD,Health Care,Agilent Technologies Inc,126554,2013-03-15-USD,1
256,256,2013/3/15,A.N,30.755892,30.748741,30.755892,903685,14931320676,USD,Health Care,Agilent Technologies Inc,126554,2013-03-15-USD,1
257,257,2013/3/22,A.N,29.497339,29.490188,29.497339,904291,14320320341,USD,Health Care,Agilent Technologies Inc,126554,2013-03-22-USD,1
258,258,2013/3/22,A.N,29.497339,29.490188,29.497339,904291,14320320341,USD,Health Care,Agilent Technologies Inc,126554,2013-03-22-USD,1
259,259,2013/3/29,A.N,30.012201,29.9979,30.012201,0,14570275024,USD,Health Care,Agilent Technologies Inc,126554,2013-03-29-USD,1
260,260,2013/3/29,A.N,30.012201,29.9979,30.012201,0,14570275024,USD,Health Care,Agilent Technologies Inc,126554,2013-03-29-USD,1
261,261,2013/4/5,A.N,29.704714,29.704714,29.711865,882202,14420996533,USD,Health Care,Agilent Technologies Inc,126554,2013-04-05-USD,1
262,262,2013/4/5,A.N,29.704714,29.704714,29.711865,882202,14420996533,USD,Health Care,Agilent Technologies Inc,126554,2013-04-05-USD,1
263,263,2013/4/12,A.N,32.000143,32.000143,32.007294,1019112,15535377825,USD,Health Care,Agilent Technologies Inc,126554,2013-04-12-USD,1
264,264,2013/4/12,A.N,32.000143,32.000143,32.007294,1019112,15535377825,USD,Health Care,Agilent Technologies Inc,126554,2013-04-12-USD,1
265,265,2013/4/19,A.N,30.033654,30.026503,30.033654,804686,14580689802,USD,Health Care,Agilent Technologies Inc,126554,2013-04-19-USD,1
266,266,2013/4/19,A.N,30.033654,30.026503,30.033654,804686,14580689802,USD,Health Care,Agilent Technologies Inc,126554,2013-04-19-USD,1
267,267,2013/4/26,A.N,29.533093,29.540244,29.547395,1874394,14337678305,USD,Health Care,Agilent Technologies Inc,126554,2013-04-26-USD,1
268,268,2013/4/26,A.N,29.533093,29.540244,29.547395,1874394,14337678305,USD,Health Care,Agilent Technologies Inc,126554,2013-04-26-USD,1
269,269,2013/5/3,A.N,29.711865,29.704714,29.711865,996965,14312979005,USD,Health Care,Agilent Technologies Inc,126554,2013-05-03-USD,1
270,270,2013/5/3,A.N,29.711865,29.704714,29.711865,996965,14312979005,USD,Health Care,Agilent Technologies Inc,126554,2013-05-03-USD,1
271,271,2013/5/10,A.N,31.199246,31.192095,31.199246,858244,15029489145,USD,Health Care,Agilent Technologies Inc,126554,2013-05-10-USD,1
272,272,2013/5/10,A.N,31.199246,31.192095,31.199246,858244,15029489145,USD,Health Care,Agilent Technologies Inc,126554,2013-05-10-USD,1
273,273,2013/5/17,A.N,32.579364,32.565062,32.579364,1120297,15694327881,USD,Health Care,Agilent Technologies Inc,126554,2013-05-17-USD,1
274,274,2013/5/17,A.N,32.579364,32.565062,32.579364,1120297,15694327881,USD,Health Care,Agilent Technologies Inc,126554,2013-05-17-USD,1
275,275,2013/5/24,A.N,32.600816,32.600816,32.607967,738346,15704662162,USD,Health Care,Agilent Technologies Inc,126554,2013-05-24-USD,1
276,276,2013/5/24,A.N,32.600816,32.600816,32.607967,738346,15704662162,USD,Health Care,Agilent Technologies Inc,126554,2013-05-24-USD,1
277,277,2013/5/31,A.N,32.500704,32.500704,32.507855,1452876,15656435518,USD,Health Care,Agilent Technologies Inc,126554,2013-05-31-USD,1
278,278,2013/5/31,A.N,32.500704,32.500704,32.507855,1452876,15656435518,USD,Health Care,Agilent Technologies Inc,126554,2013-05-31-USD,1
279,279,2013/6/7,A.N,32.286178,32.286178,32.293329,827028,15553092709,USD,Health Care,Agilent Technologies Inc,126554,2013-06-07-USD,1
280,280,2013/6/7,A.N,32.286178,32.286178,32.293329,827028,15553092709,USD,Health Care,Agilent Technologies Inc,126554,2013-06-07-USD,1
281,281,2013/6/14,A.N,31.463828,31.463828,31.470979,407521,15156945276,USD,Health Care,Agilent Technologies Inc,126554,2013-06-14-USD,1
282,282,2013/6/14,A.N,31.463828,31.463828,31.470979,407521,15156945276,USD,Health Care,Agilent Technologies Inc,126554,2013-06-14-USD,1
283,283,2013/6/21,A.N,30.734439,30.734439,30.74159,1301742,14805579726,USD,Health Care,Agilent Technologies Inc,126554,2013-06-21-USD,1
284,284,2013/6/21,A.N,30.734439,30.734439,30.74159,1301742,14805579726,USD,Health Care,Agilent Technologies Inc,126554,2013-06-21-USD,1
285,285,2013/6/28,A.N,30.57712,30.57712,30.584271,1395852,14729795000,USD,Health Care,Agilent Technologies Inc,126554,2013-06-28-USD,1
286,286,2013/6/28,A.N,30.57712,30.57712,30.584271,1395852,14729795000,USD,Health Care,Agilent Technologies Inc,126554,2013-06-28-USD,1
287,287,2013/7/5,A.N,31.628298,31.621147,31.628298,444800,15236174763,USD,Health Care,Agilent Technologies Inc,126554,2013-07-05-USD,1
288,288,2013/7/5,A.N,31.628298,31.621147,31.628298,444800,15236174763,USD,Health Care,Agilent Technologies Inc,126554,2013-07-05-USD,1
289,289,2013/7/12,A.N,32.71523,32.693778,32.700929,554203,15759778327,USD,Health Care,Agilent Technologies Inc,126554,2013-07-12-USD,1
290,290,2013/7/12,A.N,32.71523,32.693778,32.700929,554203,15759778327,USD,Health Care,Agilent Technologies Inc,126554,2013-07-12-USD,1
291,291,2013/7/19,A.N,33.037019,33.037019,33.04417,480623,15914792540,USD,Health Care,Agilent Technologies Inc,126554,2013-07-19-USD,1
292,292,2013/7/19,A.N,33.037019,33.037019,33.04417,480623,15914792540,USD,Health Care,Agilent Technologies Inc,126554,2013-07-19-USD,1
293,293,2013/7/26,A.N,32.607967,32.600816,32.607967,1013912,15708106922,USD,Health Care,Agilent Technologies Inc,126554,2013-07-26-USD,1
294,294,2013/7/26,A.N,32.607967,32.600816,32.607967,1013912,15708106922,USD,Health Care,Agilent Technologies Inc,126554,2013-07-26-USD,1
295,295,2013/8/2,A.N,33.165735,33.165735,33.180037,578601,15351780000,USD,Health Care,Agilent Technologies Inc,126554,2013-08-02-USD,1
296,296,2013/8/2,A.N,33.165735,33.165735,33.180037,578601,15351780000,USD,Health Care,Agilent Technologies Inc,126554,2013-08-02-USD,1
297,297,2013/8/9,A.N,33.051321,33.051321,33.058472,427161,15298820000,USD,Health Care,Agilent Technologies Inc,126554,2013-08-09-USD,1
298,298,2013/8/9,A.N,33.051321,33.051321,33.058472,427161,15298820000,USD,Health Care,Agilent Technologies Inc,126554,2013-08-09-USD,1
299,299,2013/8/16,A.N,33.458921,33.458921,33.466072,905566,15487490000,USD,Health Care,Agilent Technologies Inc,126554,2013-08-16-USD,1
300,300,2013/8/16,A.N,33.458921,33.458921,33.466072,905566,15487490000,USD,Health Care,Agilent Technologies Inc,126554,2013-08-16-USD,1
301,301,2013/8/23,A.N,34.095348,34.088197,34.095348,483902,15782080000,USD,Health Care,Agilent Technologies Inc,126554,2013-08-23-USD,1
302,302,2013/8/23,A.N,34.095348,34.088197,34.095348,483902,15782080000,USD,Health Care,Agilent Technologies Inc,126554,2013-08-23-USD,1
303,303,2013/8/30,A.N,33.351658,33.344507,33.351658,472075,15437840000,USD,Health Care,Agilent Technologies Inc,126554,2013-08-30-USD,1
304,304,2013/8/30,A.N,33.351658,33.344507,33.351658,472075,15437840000,USD,Health Care,Agilent Technologies Inc,126554,2013-08-30-USD,1
305,305,2013/9/6,A.N,33.916576,33.909426,33.916576,346226,15699330000,USD,Health Care,Agilent Technologies Inc,126554,2013-09-06-USD,1
306,306,2013/9/6,A.N,33.916576,33.909426,33.916576,346226,15699330000,USD,Health Care,Agilent Technologies Inc,126554,2013-09-06-USD,1
307,307,2013/9/13,A.N,34.653116,34.645965,34.653116,454192,16040260000,USD,Health Care,Agilent Technologies Inc,126554,2013-09-13-USD,1
308,308,2013/9/13,A.N,34.653116,34.645965,34.653116,454192,16040260000,USD,Health Care,Agilent Technologies Inc,126554,2013-09-13-USD,1
309,309,2013/9/20,A.N,37.291787,37.277485,37.284636,2905161,17261650000,USD,Health Care,Agilent Technologies Inc,126554,2013-09-20-USD,1
310,310,2013/9/20,A.N,37.291787,37.277485,37.284636,2905161,17261650000,USD,Health Care,Agilent Technologies Inc,126554,2013-09-20-USD,1
311,311,2013/9/27,A.N,36.919942,36.919942,36.927093,436409,17089530000,USD,Health Care,Agilent Technologies Inc,126554,2013-09-27-USD,1
312,312,2013/9/27,A.N,36.919942,36.919942,36.927093,436409,17089530000,USD,Health Care,Agilent Technologies Inc,126554,2013-09-27-USD,1
313,313,2013/10/4,A.N,37.027205,37.020054,37.027205,404156,17139180000,USD,Health Care,Agilent Technologies Inc,126554,2013-10-04-USD,1
314,314,2013/10/4,A.N,37.027205,37.020054,37.027205,404156,17139180000,USD,Health Care,Agilent Technologies Inc,126554,2013-10-04-USD,1
315,315,2013/10/11,A.N,36.798377,36.791226,36.798377,407254,17033260000,USD,Health Care,Agilent Technologies Inc,126554,2013-10-11-USD,1
316,316,2013/10/11,A.N,36.798377,36.791226,36.798377,407254,17033260000,USD,Health Care,Agilent Technologies Inc,126554,2013-10-11-USD,1
317,317,2013/10/18,A.N,37.89246,37.89246,37.899611,782741,17539690000,USD,Health Care,Agilent Technologies Inc,126554,2013-10-18-USD,1
318,318,2013/10/18,A.N,37.89246,37.89246,37.899611,782741,17539690000,USD,Health Care,Agilent Technologies Inc,126554,2013-10-18-USD,1
319,319,2013/10/25,A.N,37.091563,37.091563,37.098714,530779,17168970000,USD,Health Care,Agilent Technologies Inc,126554,2013-10-25-USD,1
320,320,2013/10/25,A.N,37.091563,37.091563,37.098714,530779,17168970000,USD,Health Care,Agilent Technologies Inc,126554,2013-10-25-USD,1
321,321,2013/11/1,A.N,36.540946,36.548097,36.562398,431349,16914100000,USD,Health Care,Agilent Technologies Inc,126554,2013-11-01-USD,1
322,322,2013/11/1,A.N,36.540946,36.548097,36.562398,431349,16914100000,USD,Health Care,Agilent Technologies Inc,126554,2013-11-01-USD,1
323,323,2013/11/8,A.N,36.312118,36.304967,36.312118,400576,16808180000,USD,Health Care,Agilent Technologies Inc,126554,2013-11-08-USD,1
324,324,2013/11/8,A.N,36.312118,36.304967,36.312118,400576,16808180000,USD,Health Care,Agilent Technologies Inc,126554,2013-11-08-USD,1
325,325,2013/11/15,A.N,39.279729,39.279729,39.28688,2033147,18181830000,USD,Health Care,Agilent Technologies Inc,126554,2013-11-15-USD,1
326,326,2013/11/15,A.N,39.279729,39.279729,39.28688,2033147,18181830000,USD,Health Care,Agilent Technologies Inc,126554,2013-11-15-USD,1
327,327,2013/11/22,A.N,38.507435,38.493133,38.500284,753009,17824350000,USD,Health Care,Agilent Technologies Inc,126554,2013-11-22-USD,1
328,328,2013/11/22,A.N,38.507435,38.493133,38.500284,753009,17824350000,USD,Health Care,Agilent Technologies Inc,126554,2013-11-22-USD,1
329,329,2013/11/29,A.N,38.307211,38.292909,38.307211,274733,17731670000,USD,Health Care,Agilent Technologies Inc,126554,2013-11-29-USD,1
